timestamp_us,x,y,z,qx,qy,qz,qw,vx,vy,wz,u_steering_angle,u_longitudinal_actuation,ref_traj_0_x,ref_traj_0_y,front_steering_angle,acceleration,x_ref_0,y_ref_0,yaw_ref_0
1569810276764,4.103038311004639,0.0217912457883358,0.021826505661010742,-0.004939624108374119,7.749030191916972e-05,0.008842681534588337,0.9999486804008484,8.270934157951698,0.06046857941456291,0.042746408820075986,0.019167975477928645,0.23491304448842557,0.0015115737915039062,0.004740267992019653,0.016987460800714154,0.14833795972241323,0.0015115737915039062,0.004740267992019653,-6.1062619352014735e-06
1569810376764,4.927159309387207,0.04042670130729675,0.007460341323167086,-0.002444351790472865,-0.0008724025101400912,0.011068222112953663,0.9999354481697083,8.242314139766659,0.06650165528148155,0.04685524592014869,0.01824674944472428,0.3062765254341901,0.0,0.0,0.01778264996767108,0.2480696908835732,0.0,0.0,0.0
1569810476764,5.759040355682373,0.05867777019739151,0.006454401649534702,-0.003083558985963464,-0.0007009176770225167,0.013370655477046967,0.9999057054519653,8.341333022981207,0.0676433676499656,0.04772920191196601,0.017348520414251643,0.188672182404038,0.0,0.0,0.01750851494741419,0.21056259867574512,0.0,0.0,0.0
1569810576764,6.593329906463623,0.08103626221418381,0.005005537532269955,-0.0032233770471066236,-0.0003889317740686238,0.015718840062618256,0.9998711943626404,8.36740672959356,0.06617502597695495,0.046750649158036076,0.016777120756483636,0.1822994602125497,0.0,0.0,0.01704666949191072,0.19271558509626277,0.0,0.0,0.0
1569810676764,7.4256768226623535,0.10677522420883179,0.003806125605478883,-0.003471149131655693,0.00010112959716934711,0.01817806251347065,0.9998288154602051,8.348522138120602,0.06397435114730518,0.045191907423652075,0.016199736228016563,0.2431047653525253,0.0,0.0,0.016511865847180406,0.22453428723592694,0.0,0.0,0.0
1569810776764,8.263708114624023,0.1369260847568512,0.002734292997047305,-0.004142573103308678,0.0006127768428996205,0.020478466525673866,0.9997815489768982,8.406400163517125,0.06195309934941134,0.043802507255961395,0.015405308342819153,0.18482163370246135,0.0,0.0,0.015813120135251404,0.1994573741460384,0.0,0.0,0.0
1569810876764,9.104043960571289,0.17123949527740479,0.001039908966049552,-0.00486955139786005,0.0009215514874085784,0.022654499858617783,0.9997310638427734,8.43056756476345,0.05966258381506549,0.042245348347971445,0.014981791650609018,0.17632831682246589,0.0,0.0,0.015288170269059308,0.18485232238676697,0.0,0.0,2.117582368135751e-22
1569810976764,9.942669868469238,0.20922325551509857,-0.000906643399503082,-0.005770980380475521,0.0009696038905531168,0.024814452975988388,0.9996749758720398,8.414875198401141,0.05852334436483967,0.04130480799091874,0.014539466230779471,0.22788594342866603,0.0,0.0,0.014815394354395979,0.21202629034893067,0.0,0.0,0.0
1569811076764,10.785372734069824,0.25202906131744385,-0.007450656965374947,-0.0061540729366242886,0.00085525430040434,0.026818128302693367,0.9996210336685181,8.457855408796961,0.056452566728123474,0.03986506143978173,0.013721786747544996,0.1874851745941885,0.0,0.0,0.01412482597199532,0.1965295815633554,0.0,0.0,0.0
1569811176764,11.628660202026367,0.29816776514053345,-0.014950262382626534,-0.0060680280439555645,0.0005627364735119045,0.028850993141531944,0.9995651841163635,8.46580561425815,0.05301442769718525,0.037438200527933646,0.012564618639085322,0.19945284468051236,0.0,0.0,0.013139618986100502,0.19837550241238774,0.0,0.0,0.0
1569811276764,12.476316452026367,0.3477258086204529,-0.020764395594596863,-0.005554568022489548,0.00028051561093889177,0.030894186347723007,0.9995071887969971,8.50986490344173,0.04788311693941659,0.033849909565070266,0.010763668003221169,0.15306281618215226,0.0,0.0,0.011639303318367765,0.16976239819089697,0.0,0.0,-3.725290298461914e-09
1569811376764,13.32524299621582,0.40034329891204834,-0.023987919092178345,-0.0051232315599918365,0.00021273081074468791,0.032890621572732925,0.9994457960128784,8.523009474892676,0.04091662204056519,0.0289774415210055,0.00881137795672772,0.15067306141540845,0.0,0.0,0.009853584354542321,0.15770826439046634,0.0,0.0,0.0
1569811476764,14.178768157958984,0.455831915140152,-0.02472354844212532,-0.004566878546029329,0.0003169374249409884,0.03468094393610954,0.9993879199028015,8.567962492311029,0.03297649284826954,0.023505007209384202,0.006923883403185229,0.09438533450561366,0.0,0.0,0.008003598277066166,0.11772242944792323,0.0,0.0,7.450580152834618e-09
1569811576764,15.035327911376953,0.5132419466972351,-0.021384824067354202,-0.00411917082965374,0.0005834765615873039,0.036350149661302567,0.9993304014205933,8.59636260704896,0.02507230780831609,0.018005855923395823,0.005083826743288269,0.05782813763057377,0.0,0.0,0.006159882219835746,0.07990163892284788,0.0,0.0,-7.450580596923828e-09
1569811676764,15.894691467285156,0.5726103186607361,-0.01470275316387415,-0.004044221714138985,0.0008184834732674062,0.038205478340387344,0.9992614388465881,8.627136083960757,0.035773859309996624,0.02588402679848797,0.014187824204470373,0.24860823659881695,0.0,0.0,0.011229198559266507,0.1864329409433975,0.0,0.0,-1.4901168299275014e-08
1569811776764,16.756011962890625,0.634310245513916,-0.007899561896920204,-0.004136453848332167,0.0009359167888760567,0.03988607972860336,0.9991952180862427,8.64380712427553,0.030178783373889618,0.021923269647515804,0.005393871483285917,-0.10184255956298119,0.0,0.0,0.007544428670693694,0.004398777297024689,0.0,0.0,-5.421010862427522e-20
1569811876764,17.617076873779297,0.6996507048606873,-0.0033792336471378803,-0.003983792383223772,0.001094571896828711,0.04096982628107071,0.999151885509491,8.635296570475488,0.02738159306872734,0.01952604960682558,0.006316268046773624,-0.23846244840328823,0.0,0.0,0.006768895572646916,-0.1489581331058114,0.0,0.0,0.0
1569811976764,18.475746154785156,0.7696306705474854,-0.005678351502865553,-0.0046998485922813416,0.0018480760045349598,0.04203534871339798,0.9991033673286438,8.61758020128118,0.03384475906293862,0.024188397256327376,0.011156788484265698,-0.22549116470338854,0.0,0.0,0.00953967010927355,-0.1972856058661201,0.0,0.0,-7.4505797087454084e-09
1569812076764,19.333293914794922,0.8430310487747192,-0.008393903262913227,-0.004342876840382814,0.0018844053847715259,0.043128106743097305,0.9990583658218384,8.596249166015175,0.024893014516555956,0.017665484157769123,0.0025192967429899364,-0.24076719259167126,0.0,0.0,0.005106592057299337,-0.2247424457977111,0.0,0.0,0.0
1569812176764,20.188264846801758,0.9178456664085388,-0.011747821234166622,-0.004025021102279425,0.0018664790550246835,0.04386456310749054,0.999027669429779,8.565141756658274,0.018079734483627215,0.01284514533372323,0.003812205263100567,-0.4589949477557024,0.0,0.0,0.004289239846990125,-0.37266329998438075,0.0,0.0,-9.994991362540158e-20
1569812276764,21.039777755737305,0.9935822486877441,-0.015231935307383537,-0.0036642092745751143,0.0016998944338411093,0.04442856088280678,0.9990044832229614,8.526535563281554,0.013815510123538365,0.009800955896133019,0.0025640057314496255,-0.40901918531123416,0.0,0.0,0.0031998252114593634,-0.39562055152837994,0.0,0.0,7.4505797087454084e-09
1569812376764,21.887636184692383,1.069772720336914,-0.018689163029193878,-0.0033734969329088926,0.0013489973498508334,0.04485972225666046,0.9989867210388184,8.488594371172137,0.010734626866589526,0.00760906750596992,0.0021654110734379488,-0.35164001448839644,0.0,0.0,0.0025466350785901103,-0.3678486449226204,0.0,0.0,-7.4505797087454084e-09
1569812476764,22.731061935424805,1.146209716796875,-0.02182305045425892,-0.00312547804787755,0.0012970257084816694,0.04515131935477257,0.9989745020866394,8.445342724072475,0.0055156183413397845,0.003877084169721143,-4.9977262783214594e-05,-0.5433184806674735,0.0,0.0,0.0009069808067374655,-0.4786506545934838,0.0,0.0,0.0
1569812576764,23.569917678833008,1.2224074602127075,-0.02419843152165413,-0.0030320947989821434,0.0012542575132101774,0.045309003442525864,0.9989676475524902,8.400334516404653,0.0042034746622406595,0.0029769426430014704,0.0012314214481738432,-0.40113260615120966,0.0,0.0,0.0011118517746588515,-0.4297011840665004,0.0,0.0,-7.450580596923828e-09
1569812676764,24.404125213623047,1.298385739326477,-0.026532495394349098,-0.0029756268486380577,0.00125513959210366,0.045456770807504654,0.9989611506462097,8.351035410479932,0.004119673869283421,0.0029140228738099845,0.001036736839365251,-0.6014320845233724,0.0,0.0,0.001064419771594063,-0.5381422093426441,0.0,0.0,0.0
1569812776764,25.232439041137695,1.3743157386779785,-0.029365818947553635,-0.0027754101902246475,0.001639020163565874,0.045554570853710175,0.9989566802978516,8.295477358890661,0.0011694846254177087,0.0008020005620423092,-0.0006641622560083312,-0.5854593525308197,0.0,0.0,-2.710893319016693e-05,-0.5680210459807392,0.0,0.0,0.0
1569812876764,26.055587768554688,1.449811339378357,-0.031845349818468094,-0.0026037038769572973,0.0016588614089414477,0.0455586314201355,0.9989569187164307,8.236351355094591,-0.0005033362763605245,-0.0003630907816146302,-0.00033315058377593226,-0.6310777830501618,0.0,0.0,-0.00022036169246896853,-0.6078387910702064,0.0,0.0,0.0
1569812976764,26.871671676635742,1.5245447158813477,-0.03567192703485489,-0.002517697401344776,0.002087225439026952,0.04549350589513779,0.9989593029022217,8.162736502058744,-0.0032916042313052792,-0.0023390579605087453,-0.001716863172114536,-0.9559947481239945,0.0,0.0,-0.001165341043001091,-0.8276850088357237,0.0,0.0,0.0
1569813076764,27.680335998535156,1.5985713005065918,-0.038134701550006866,-0.0023489214945584536,0.002582309767603874,0.045311540365219116,0.9989668726921082,8.098154168395155,-0.006860024153118703,-0.004844328301711526,-0.0027204454768946632,-0.3342211074409761,0.0,0.0,-0.0021473257573085026,-0.5160827796408032,0.0,0.0,0.0
1569813176764,28.48401641845703,1.67169189453125,-0.04280606657266617,-0.0022274788934737444,0.0026991956401616335,0.04506657272577286,0.9989778995513916,8.044925367017186,-0.006449678709895198,-0.0045130942299622875,-0.0012538010923050216,-0.5600541011647876,0.0,0.0,-0.0015831015523184737,-0.5438488670259056,0.0,0.0,-7.4505797087454084e-09
1569813276764,29.280920028686523,1.7439908981323242,-0.0466521792113781,-0.002021667081862688,0.0034774658270180225,0.044812168926000595,0.9989873766899109,7.9783809492264455,-0.00844461642136499,-0.005932566746948187,-0.003105485234499733,-0.8737858777939527,0.0,0.0,-0.0025444244529741226,-0.7521905669124584,0.0,0.0,6.776261962447269e-21
1569813376764,30.071508407592773,1.8150056600570679,-0.05187476426362991,-0.001953482162207365,0.0035961016546934843,0.04431524872779846,0.9990092515945435,7.900009404861156,-0.02089662130014801,-0.014707797605593995,-0.009582618688484713,-0.8377302437402093,0.0,0.0,-0.006988755653479813,-0.8062053669997663,0.0,0.0,7.4505797087454084e-09
1569813476764,30.85419273376465,1.8853354454040527,-0.057582076638936996,-0.0012138491729274392,0.0037250001914799213,0.04358021542429924,0.9990423321723938,7.820386897629402,-0.018401937692494024,-0.012773562726929873,-0.0027818221201988532,-0.7791248112598688,0.0,0.0,-0.004332249547683511,-0.7891051059420905,0.0,0.0,0.0
1569813576764,31.62908363342285,1.9524658918380737,-0.0626668781042099,-0.0014197208220139146,0.0038038135971874,0.04290131852030754,0.9990710616111755,7.737344118225543,-0.02236241198786865,-0.015603598860455863,-0.008228511804271017,-0.9012301878109216,0.0,0.0,-0.00679257947505846,-0.85990749971444,0.0,0.0,0.0
1569813676764,32.39633560180664,2.0190701484680176,-0.0686926543712616,-0.0007732805679552257,0.0036722125951200724,0.04213332384824753,0.9991049766540527,7.664998491589089,-0.020366515399834816,-0.01409921858726676,-0.0042829417614852795,-0.4896603929739879,0.0,0.0,-0.005207846116020964,-0.6261116263238873,0.0,0.0,0.0
1569813776764,33.156864166259766,2.0824434757232666,-0.07479700446128845,-0.0011444604024291039,0.003637229558080435,0.041443292051553726,0.9991335868835449,7.596350189876256,-0.02030885235745893,-0.014076292235108765,-0.0060873416425818025,-0.7899235042123143,0.0,0.0,-0.005763211495066368,-0.7295521134078797,0.0,0.0,1.3323149575161157e-15
1569813876764,33.91016387939453,2.145372152328491,-0.07971890270709991,-0.0007118634530343115,0.003743794048205018,0.04075011610984802,0.9991620779037476,7.5259850975487375,-0.019375983460331894,-0.013384060546908624,-0.004997581609462288,-0.6592717614291442,0.0,0.0,-0.005279747601520815,-0.6851729515618361,0.0,0.0,6.776263578034403e-21
1569813976764,34.65737533569336,2.205993413925171,-0.08623428642749786,-0.0007845507934689522,0.003509052097797394,0.040139034390449524,0.9991875886917114,7.462274071984697,-0.015953242160321193,-0.010978754052042536,-0.0034877409279466132,-0.554759516152112,0.0,0.0,-0.004148168832253946,-0.6028222120735386,0.0,0.0,0.0
1569814076764,35.39857864379883,2.2656772136688232,-0.09120257943868637,-0.0005922828568145633,0.0033780313096940517,0.0396832711994648,0.9992064833641052,7.407594068827921,-0.010513216885945548,-0.007196616351770312,-0.0014881410443857352,-0.4508114919332111,0.0,0.0,-0.002468470305011299,-0.5068336724389847,0.0,0.0,0.0
1569814176764,36.134586334228516,2.3246357440948486,-0.0961141362786293,-0.00021279125940054655,0.003211650298908353,0.03939799964427948,0.9992184638977051,7.35365505983823,-0.006493902485608184,-0.004438733700837919,-0.0010101158513219175,-0.5951723343455244,0.0,0.0,-0.0015475792379209988,-0.56261591688761,0.0,0.0,0.0
1569814276764,36.8652458190918,2.381950855255127,-0.10032148659229279,-0.000401856581447646,0.0030061097349971533,0.039217304438352585,0.9992261528968811,7.299371615169405,-0.0043837643319882,-0.002997456383177111,-0.0008479040017224485,-0.508940827783753,0.0,0.0,-0.0011057630023347102,-0.5287222979831171,0.0,0.0,0.0
1569814376764,37.59062194824219,2.439103364944458,-0.10473748296499252,-0.0002568565832916647,0.0025903310161083937,0.03907475247979164,0.9992329478263855,7.238433093508412,-0.004152008376400775,-0.002850308561793775,-0.0012701395882789687,-0.7475932565638745,0.0,0.0,-0.0012095600794114947,-0.6669303379370587,0.0,0.0,0.0
1569814476764,38.31010437011719,2.4952285289764404,-0.10882920026779175,-0.00034630714799277484,0.002046834211796522,0.03895185515284538,0.9992389678955078,7.181794542397293,-0.002889022546437103,-0.0019657388330347916,-0.0003881124411936817,-0.3941117615410605,0.0,0.0,-0.0006908495627716698,-0.4946565883669292,0.0,0.0,0.0
1569814576764,39.02450942993164,2.551053524017334,-0.11227593570947647,-0.0002720606280490756,0.0015416183741763234,0.03892224654555321,0.9992409944534302,7.135725035888506,0.0013186214299286613,0.0009445657612803333,0.0016753089221596645,-0.40250530892536324,0.0,0.0,0.0008032825438508056,-0.43646683220442983,0.0,0.0,7.623294909701569e-21
1569814676764,39.73426818847656,2.606180191040039,-0.1153547540307045,-0.0004437402240000665,0.0012342749396339059,0.03898976370692253,0.9992387294769287,7.093755716035472,0.001915711209391589,0.0013062651872426739,0.0003276350184788136,-0.3909532140062747,0.0,0.0,0.0005029306259130494,-0.40772684768036105,0.0,0.0,-7.450581485102248e-09
1569814776764,40.438941955566406,2.6617746353149414,-0.11835621297359467,-0.00013507629046216607,0.001638556830585003,0.03907125070691109,0.9992350935935974,7.056243910033924,0.0031063730936899026,0.002136223874559291,0.0013770196435989688,-0.31924608432749696,0.0,0.0,0.0010548820161888081,-0.3518548719923859,0.0,0.0,0.0
1569814876764,41.14081954956055,2.716529130935669,-0.12002319097518921,-0.0003073893894907087,0.0014755602460354567,0.039199456572532654,0.9992302656173706,7.018729404633365,0.004241631202269693,0.002903672465507798,0.001487151541989698,-0.41505050822190537,0.0,0.0,0.0013278425052375056,-0.3917603262086954,0.0,0.0,0.0
1569814976764,41.83821487426758,2.7718677520751953,-0.12242308259010315,5.6208573369076476e-06,0.0014640914741903543,0.039353735744953156,0.9992243051528931,6.969563791635434,0.004738700559582977,0.0032338219754124106,0.001487931244358204,-0.6628178418760841,0.0,0.0,0.0014289319827819004,-0.5629220381054887,0.0,0.0,0.0
1569815076764,42.52973937988281,2.8265771865844727,-0.1247146725654602,4.46630765509326e-05,0.0017955274088308215,0.03955068066716194,0.9992160201072693,6.914502783259279,0.007000573888256459,0.004790113057982972,0.0028318851726738016,-0.5295147513976218,0.0,0.0,0.0023148394223956674,-0.5418267057415559,0.0,0.0,0.0
1569815176764,43.21574783325195,2.881075859069824,-0.12607520818710327,2.8561229555634782e-05,0.0021273461170494556,0.03981753811240196,0.9992047548294067,6.858295825223307,0.008411456661751356,0.005728724260318303,0.002762185293000268,-0.5967537707118605,0.0,0.0,0.002597320005286426,-0.576510896093688,0.0,0.0,0.0
1569815276764,43.896263122558594,2.9366774559020996,-0.12931525707244873,0.0007788356742821634,0.0024241998326033354,0.0401427261531353,0.9991907477378845,6.80745911721889,0.010926815503449944,0.007445719229709059,0.0040717391338411955,-0.3916093007383922,0.0,0.0,0.0035283552561461936,-0.45975311678792774,0.0,0.0,0.0
1569815376764,44.57095718383789,2.991225242614746,-0.13204947113990784,0.0008084082510322332,0.0030487889889627695,0.04049428552389145,0.9991747736930847,6.744293048321753,0.009184936596722565,0.00620310078744362,0.0019285188346181224,-0.926207539112507,0.0,0.0,0.002518124124980663,-0.7542999669290411,0.0,0.0,-3.2311742677852644e-27
1569815476764,45.239437103271484,3.0466814041137695,-0.13607849180698395,0.0014913820195943117,0.003211166011169553,0.040896687656641006,0.9991571307182312,6.678221351170207,0.015766211327291516,0.010754115718569969,0.007364186616215067,-0.500371640732534,0.0,0.0,0.005578213973130603,-0.5939546361461301,0.0,0.0,-7.450581485102248e-09
1569815576764,45.90142822265625,3.101996421813965,-0.14105014503002167,0.0020068015437573195,0.0032565779983997345,0.041489534080028534,0.9991316199302673,6.604671528835303,0.018261278988950608,0.012352658257018206,0.005702441581869121,-0.978019348153217,0.0,0.0,0.005656658616601111,-0.8364757609503106,0.0,0.0,0.0
1569815676764,46.555423736572266,3.1573259830474854,-0.14412444829940796,0.00241883029229939,0.003672095248475671,0.04210558906197548,0.9991034865379333,6.539434503794985,0.018192868049584685,0.012276889605423473,0.005577630419354318,-0.3369234231546191,0.0,0.0,0.005606755548997271,-0.5210289337017464,0.0,0.0,-7.450580596923828e-09
1569815776764,47.20340347290039,3.2132246494293213,-0.1470189392566681,0.003011561231687665,0.004009151831269264,0.0426846444606781,0.9990760087966919,6.474211271625862,0.01610965809006421,0.010834846941266574,0.004333226872613643,-0.8770365241430849,0.0,0.0,0.004802574385221835,-0.7458331361536141,0.0,0.0,7.4505797087454084e-09
1569815876764,47.84523010253906,3.2691054344177246,-0.15190725028514862,0.0034777962137013674,0.0037714559584856033,0.043239545077085495,0.999051570892334,6.405201836089864,0.017531993471374695,0.011819273617889238,0.006250860300645968,-0.5945913934779516,0.0,0.0,0.005717107583054995,-0.6503301742715829,0.0,0.0,0.0
1569815976764,48.47849655151367,3.325150966644287,-0.15661783516407013,0.004054901655763388,0.0036506426986306906,0.0437370166182518,0.999028205871582,6.291790339561296,0.011345288551860785,0.0075437061678728465,0.0012582018888394105,-1.963032996815452,0.0,0.0,0.002901491384665554,-1.4792482058013512,0.0,0.0,7.450580596923828e-09
1569816076764,49.09946823120117,3.3806145191192627,-0.16134490072727203,0.004600375425070524,0.003501867176964879,0.04413357377052307,0.9990089535713196,6.18359248179538,0.013929225315623503,0.009375769879444837,0.006151761197417701,-0.40129583553349996,0.0,0.0,0.00495390355965126,-0.7985654636756752,0.0,0.0,6.776263578034403e-21
1569816176764,49.71014404296875,3.435910224914551,-0.16570952534675598,0.005287350621074438,0.003246396780014038,0.044499628245830536,0.9989901185035706,6.0588170928702345,0.006828712789415803,0.004473370806869128,-0.0007040618790678492,-2.0173944245268864,0.0,0.0,0.0013811302758718904,-1.5682059989511266,0.0,0.0,0.0
1569816276764,50.307003021240234,3.4899611473083496,-0.16972559690475464,0.005735636688768864,0.003049396676942706,0.04472038894891739,0.9989784955978394,5.928591708835844,0.008126124279281081,0.005449580435127514,0.004044372859807094,-0.8465707682661234,0.0,0.0,0.0030628588150729604,-1.1125229268733619,0.0,0.0,-7.450580596923828e-09
1569816376764,50.89216995239258,3.5432510375976562,-0.17297160625457764,0.006198890972882509,0.002483176300302148,0.044836271554231644,0.9989719986915588,5.801185221694438,-0.00224283533623706,-0.0016113340350349704,-0.004807498706838778,-1.550851230070505,0.0,0.0,-0.0019069493947212733,-1.3893092855298104,0.0,0.0,0.0
1569816476764,51.462982177734375,3.596024513244629,-0.17587748169898987,0.007169975899159908,0.002324978355318308,0.04472636431455612,0.9989708662033081,5.656049654471898,-0.0022541131798668847,-0.0014674367368659913,0.0003204524670952746,-1.5576661013222646,0.0,0.0,-0.000500436408678683,-1.4956197146266725,0.0,0.0,-7.450580596923828e-09
1569816576764,52.01767349243164,3.6465489864349365,-0.17961321771144867,0.007675379980355501,0.003034496447071433,0.044334299862384796,0.9989826679229736,5.503343931962133,-0.023589283323058,-0.01582183077330113,-0.01642061908563431,-1.5809223316074226,0.0,0.0,-0.010553379283139033,-1.5494848211364576,0.0,0.0,0.0
1569816676764,52.55752182006836,3.6949946880340576,-0.18193863332271576,0.008156686089932919,0.0031691656913608313,0.04356451705098152,0.999012291431427,5.337191783684203,-0.019176129802363825,-0.012541709912769584,-0.0033637360770758674,-1.8534853699314369,0.0,0.0,-0.006013414264840242,-1.741448708288595,0.0,0.0,0.0
1569816776764,53.080055236816406,3.741830587387085,-0.1837557554244995,0.009064220823347569,0.0032629678025841713,0.04305833950638771,0.9990261197090149,5.154661258496188,-0.012583227387348826,-0.008219725838056973,-0.0032687594028028575,-1.9689852565762425,0.0,0.0,-0.00428027720868631,-1.8851287129846859,0.0,0.0,7.450580596923828e-09
1569816876764,53.58400344848633,3.7858121395111084,-0.187954843044281,0.00945044681429863,0.0034966773819178343,0.0426737405359745,0.9990382790565491,4.970346438206892,-0.01169935175266023,-0.0076030174037370795,-0.004526920980466706,-1.7712186953222118,0.0,0.0,-0.004436022641911697,-1.8131992054139474,0.0,0.0,0.0
1569816976764,54.06978225708008,3.8278024196624756,-0.19090141355991364,0.009814872406423092,0.003591986373066902,0.042356375604867935,0.9990478754043579,4.781891667573023,-0.006774968461095827,-0.004351254870268757,0.0027394856315387265,-2.006796400463912,0.0,0.0,9.501674576000807e-05,-1.9354478995391846,0.0,0.0,-7.450581485102248e-09
1569817076764,54.53630065917969,3.868454933166504,-0.1920367032289505,0.010524245910346508,0.0038352510891854763,0.042186807841062546,0.9990469813346863,4.591097223127273,-0.005141931651054999,-0.0032671868886012595,-0.003981679861434367,-1.8608199579709142,0.0,0.0,-0.0024792500789513525,-1.8883234130525854,0.0,0.0,0.0
1569817176764,54.98540496826172,3.907280445098877,-0.1950523555278778,0.011103887110948563,0.003802631050348282,0.04200177639722824,0.99904865026474,4.431330088594688,-0.006352697275741876,-0.00400766756985928,-0.0032844126505978998,-1.0996673891967872,0.0,0.0,-0.002987677243492166,-1.3903194569235162,0.0,0.0,0.0
1569817276764,55.42042541503906,3.9444661140441895,-0.19904865324497223,0.01149751991033554,0.0036294679157435894,0.04182301461696625,0.9990523457527161,4.296519651288006,-0.00402259742684869,-0.0025344539772936,0.001534789703855129,-1.275772946239609,0.0,0.0,-0.0001319247187974299,-1.3179880300963032,0.0,0.0,1.3552523924894538e-20
1569817376764,55.842533111572266,3.9800751209259033,-0.200568288564682,0.01164701022207737,0.00378175126388669,0.041680920869112015,0.9990559816360474,4.186269681193363,-0.006507768662013233,-0.004094601513696092,-0.007878412871684701,-0.7332814763674226,0.0,0.0,-0.005023514498818184,-0.9487698055172964,0.0,0.0,0.0
1569817476764,56.254249572753906,4.015074729919434,-0.20118696987628937,0.01206834428012371,0.004111437126994133,0.04148421809077263,0.9990578293800354,4.085483565179457,-0.0044215773614248895,-0.0027814799772878213,0.0036572093572573953,-1.1091084301303789,0.0,0.0,0.0004580068382711934,-1.0500170755086162,0.0,0.0,-7.4505797087454084e-09
1569817576764,56.65597915649414,4.0490617752075195,-0.20404861867427826,0.012464787811040878,0.003809070447459817,0.04127702862024307,0.9990627765655518,3.963704850820752,-0.011172163942468966,-0.007026744380924269,-0.016764533367620918,-1.5052447841831404,0.0,0.0,-0.010417321438805997,-1.33747471610471,0.0,0.0,0.0
1569817676764,57.04581832885742,4.081610202789307,-0.20847247540950775,0.012740761041641235,0.003173635806888342,0.040826667100191116,0.9990800619125366,3.845380755048966,-0.014833202148080479,-0.00932914131067233,-0.00419292737970981,-0.918976462900903,0.0,0.0,-0.00648687169624123,-1.073210221287755,0.0,0.0,0.0
1569817776764,57.424903869628906,4.112893104553223,-0.21168935298919678,0.013007782399654388,0.0028326755855232477,0.040337663143873215,0.999097466468811,3.7570058438157674,-0.016533854504166966,-0.010398681351618772,-0.010786739674130616,-0.5591259898111955,0.0,0.0,-0.00920206209490501,-0.7485870987669663,0.0,0.0,8.673615311932504e-19
1569817876764,57.795654296875,4.142675876617432,-0.2141893357038498,0.012994032353162766,0.002696901559829712,0.03975951299071312,0.9991211295127869,3.675858463064973,-0.02028197898201115,-0.012755972945510207,-0.013149813280791652,-0.9192240464306776,0.0,0.0,-0.01169490517086717,-0.8563373376897021,0.0,0.0,0.0
1569817976764,58.15744400024414,4.171451568603516,-0.21619725227355957,0.01308129820972681,0.002562096109613776,0.03919755667448044,0.9991426467895508,3.573781821502035,-0.012857801910855206,-0.008086672040937416,0.0061702216396096726,-1.302499595637597,0.0,0.0,-0.0004138097892997538,-1.1380705176979187,0.0,0.0,-7.450580596923828e-09
1569818076764,58.50910568237305,4.198929309844971,-0.21770815551280975,0.013061110861599445,0.0023812062572687864,0.03872012346982956,0.9991618990898132,3.4815521953493973,-0.022301147120590455,-0.014025880229923305,-0.033305469819992474,-0.552588128896617,0.0,0.0,-0.021183545039470605,-0.7683623850681492,0.0,0.0,0.0
1569818176764,58.85264587402344,4.225329399108887,-0.21908073127269745,0.013049585744738579,0.002260596491396427,0.03794178366661072,0.9991921782493591,3.406013379342499,-0.022641897624644376,-0.014240187752026737,0.0009702359689980686,-0.7331580915618845,0.0,0.0,-0.007194340301649814,-0.7461323165610527,0.0,0.0,0.0
1569818276764,59.188819885253906,4.25051212310791,-0.22055763006210327,0.012938730418682098,0.0021117310971021652,0.037217482924461365,0.9992212057113647,3.3318427008309004,-0.026286380038648367,-0.016532314698573955,-0.02619135559811123,-0.7341240688296333,0.0,0.0,-0.01919017687185529,-0.738549600274696,0.0,0.0,0.0
1569818376764,59.517948150634766,4.2746148109436035,-0.22216235101222992,0.012828530743718147,0.0019044745713472366,0.03626743704080582,0.9992580413818359,3.2635264457042763,-0.03323227322721365,-0.02090080084880522,-0.021857427272829473,-0.5882622474760162,0.0,0.0,-0.02087443618325676,-0.6436492964844691,0.0,0.0,0.0
1569818476764,59.84038543701172,4.297726154327393,-0.22373515367507935,0.012829246930778027,0.0018112632678821683,0.03521827608346939,0.999295711517334,3.1984130618226505,-0.032023599909950795,-0.020140628902550497,-0.012582868743094033,-0.6639578717577596,0.0,0.0,-0.01563865117330542,-0.6564733294259748,0.0,0.0,0.0
1569818576764,60.15594482421875,4.31948184967041,-0.2244536131620407,0.012697836384177208,0.0018536229617893696,0.0341251865029335,0.9993352293968201,3.1272560607048234,-0.04034486618585535,-0.02537412968709321,-0.03958008986340842,-0.8059727990092154,0.0,0.0,-0.030756688470225762,-0.7508761172569143,0.0,0.0,7.4505797087454084e-09
1569818676764,60.4639778137207,4.339926242828369,-0.22552956640720367,0.012541680596768856,0.0018254689639434218,0.032866593450307846,0.9993794560432434,3.0433294749215545,-0.035444888683477706,-0.02229238282365025,-0.0025708906402879864,-0.9907130532104338,0.0,0.0,-0.012958512330852639,-0.902323312634662,0.0,0.0,0.0
1569818776764,60.76350021362305,4.359184741973877,-0.22639140486717224,0.01243207324296236,0.0017089387401938438,0.03182725980877876,0.9994146823883057,2.956796428486963,-0.03338669576639321,-0.020997921867076073,-0.028072421556340404,-0.8019468285769988,0.0,0.0,-0.022502326565694238,-0.8389396768657393,0.0,0.0,1.6940658945086007e-21
1569818876764,61.05414962768555,4.377474784851074,-0.22740623354911804,0.012458223849534988,0.0014573008520528674,0.03085215948522091,0.9994452595710754,2.8544761070340026,-0.025930802926517046,-0.016308681086383094,-0.0005774646023347309,-1.3389208058223585,0.0,0.0,-0.008657674822650922,-1.1546572681584948,0.0,0.0,0.0
1569818976764,61.33387756347656,4.394443035125732,-0.22835673391819,0.012376043945550919,0.001224794308654964,0.03013007715344429,0.9994686245918274,2.7449195283324905,-0.02187155603991412,-0.01375569562278036,-0.017928838976116204,-0.9943183002413551,0.0,0.0,-0.014512035008444587,-1.053409781384733,0.0,0.0,0.0
1569819076764,61.602752685546875,4.410467624664307,-0.22921229898929596,0.012359781190752983,0.001137040089815855,0.029438456520438194,0.9994895458221436,2.639147945973907,-0.021979204323666783,-0.013823398945773457,-0.01502048666427015,-1.0650938067124698,0.0,0.0,-0.014833101390291948,-1.0607877645113652,0.0,0.0,3.725290298461914e-09
1569819176764,61.8609733581543,4.425340175628662,-0.229560986161232,0.01223689690232277,0.001111750490963459,0.0287807434797287,0.9995102882385254,2.5328244309212886,-0.019299869621410802,-0.012138282780787704,-0.008853953676551377,-1.0674285076458758,0.0,0.0,-0.011057514663438607,-1.0649811216310565,0.0,0.0,-3.725290742551124e-09
1569819276764,62.10877990722656,4.4393815994262695,-0.23028329014778137,0.012163345701992512,0.0010976011399179697,0.028259629383683205,0.9995260834693909,2.43248004850953,-0.013482087245822337,-0.008479300154614894,-0.0020848230977222495,-0.8980056696572171,0.0,0.0,-0.005391627683959061,-0.9595429671706834,0.0,0.0,0.0
1569819376764,62.34659957885742,4.452610969543457,-0.23069331049919128,0.012065163813531399,0.0009964362252503633,0.027907472103834152,0.9995371699333191,2.3248832449138086,-0.009468338018551155,-0.005954929571419378,-0.005378976523383643,-1.2754510305278939,0.0,0.0,-0.005383638994561395,-1.1590259617413676,0.0,0.0,0.0
1569819476764,62.573509216308594,4.465250492095947,-0.23124822974205017,0.012080589309334755,0.0008786502294242382,0.027565617114305496,0.9995465874671936,2.219793905957373,-0.013658641333463157,-0.008590340461298895,-0.0230572363385485,-0.8656187787496524,0.0,0.0,-0.016543791367843844,-0.9737513509266573,0.0,0.0,0.0
1569819576764,62.790184020996094,4.4771833419799805,-0.23162826895713806,0.012124137952923775,0.0007752085803076625,0.027117524296045303,0.9995585083961487,2.11474757931703,-0.0129609499903221,-0.008151540874416899,-0.0018683717485961594,-1.181901647999889,0.0,0.0,-0.00727686534791933,-1.1051897325231237,0.0,0.0,0.0
1569819676764,62.99616241455078,4.488275527954102,-0.2318960577249527,0.012113723903894424,0.000739770766813308,0.02672577276825905,0.9995691776275635,2.011720720415454,-0.012969414926649188,-0.008156864733741805,-0.01697786654843784,-0.9018985204447714,0.0,0.0,-0.01340265001212728,-0.9768196639521335,0.0,0.0,0.0
1569819776764,63.192100524902344,4.498631477355957,-0.23237663507461548,0.012078287079930305,0.0007263347506523132,0.02633134089410305,0.9995800852775574,1.9110942676200189,-0.01123577836956259,-0.007066527276454524,-0.0037637015530875683,-1.0567154291830057,0.0,0.0,-0.007316049110941911,-1.0272705651807899,0.0,0.0,0.0
1569819876764,63.37804412841797,4.508330345153809,-0.2329503446817398,0.012046976946294308,0.0007078779744915664,0.02601769007742405,0.999588668346405,1.813735634856107,-0.009055914619098965,-0.005695543785596856,-0.007822221030648575,-0.8816036251363439,0.0,0.0,-0.007635675932864792,-0.935287862678014,0.0,0.0,0.0
1569819976764,63.55488586425781,4.517474174499512,-0.23341289162635803,0.012032154016196728,0.000672997091896832,0.025748224928975105,0.9995958209037781,1.7291743977210137,-0.008186642676977784,-0.005148831872313079,-0.008046114383330725,-0.691962167524774,0.0,0.0,-0.007894850992582454,-0.7816376588518577,0.0,0.0,0.0
1569820076764,63.72330856323242,4.52609395980835,-0.23413066565990448,0.012015307322144508,0.0006489540101028979,0.025527000427246094,0.9996017217636108,1.6397131484183394,-0.005410637905492607,-0.003402916921693466,0.0013293053121462895,-1.0881838472653647,0.0,0.0,-0.002070174336657058,-0.9752090130904792,0.0,0.0,0.0
1569820176764,63.88269805908203,4.534146785736084,-0.23420104384422302,0.011968033388257027,0.000627621659077704,0.025381771847605705,0.9996060132980347,1.5552229392972279,-0.004448202999410529,-0.0027976119493147993,-0.007620280500946793,-0.6216338959614662,0.0,0.0,-0.0055748389092286875,-0.7519408178408311,0.0,0.0,0.0
1569820276764,64.03446197509766,4.541791915893555,-0.2342691421508789,0.011936434544622898,0.0005920108524151146,0.025239836424589157,0.9996100068092346,1.4839220797371848,-0.004459941902603048,-0.0028049949072975144,-0.004896165800342247,-0.6463020318100594,0.0,0.0,-0.005146284656271305,-0.6852342540504609,0.0,0.0,0.0
1569820376764,64.17896270751953,4.549199104309082,-0.23435935378074646,0.012017851695418358,0.0005757119506597519,0.0251166895031929,0.9996121525764465,1.4069260542445994,-0.0031157619809208774,-0.0019595987301389162,0.00023599348471241562,-0.9151299898358869,0.0,0.0,-0.0017475966020138235,-0.830403988960492,0.0,0.0,0.0
1569820476764,64.31587982177734,4.556057453155518,-0.23401984572410583,0.012006867676973343,0.0005430569290183485,0.025034276768565178,0.9996143579483032,1.3377832392587055,-0.002357755598711358,-0.0014828651564222375,-0.0035887564200151865,-0.4533066108647564,0.0,0.0,-0.002910213567453001,-0.592282449966309,0.0,0.0,3.7252898543727042e-09
1569820576764,64.44705963134766,4.562812805175781,-0.23377329111099243,0.01213381439447403,0.0005289915134198964,0.024935396388173103,0.9996152520179749,1.2926036516515227,-0.0043917055291792535,-0.0027620789491693415,-0.014216966516661225,-0.21108584042792464,0.0,0.0,-0.01004996464949036,-0.35157241432241176,0.0,0.0,0.0
1569820676764,64.57434844970703,4.568978309631348,-0.23373207449913025,0.012020057998597622,0.00048818555660545826,0.024775894358754158,0.9996207356452942,1.2540348521722495,-0.005211911711072466,-0.0032779318937562678,-0.0052146479060201706,-0.44414171291950183,0.0,0.0,-0.006996660300640837,-0.4100261324491791,0.0,0.0,0.0
1569820776764,64.69749450683594,4.575079917907715,-0.23375341296195984,0.012027066200971603,0.00045467118616215885,0.024624574929475784,0.9996243715286255,1.2102099256785683,-0.0042559568330393744,-0.002676702410716588,-0.0031619845493396324,-0.48660684843217666,0.0,0.0,-0.004575219727241518,-0.4583837159445442,0.0,0.0,3.7252898543727042e-09
1569820876764,64.81634521484375,4.58090877532959,-0.2339937686920166,0.012015427462756634,0.0003842295554932207,0.02450084313750267,0.9996275901794434,1.1687982065006137,-0.003726953749866013,-0.002343996069098122,-0.005994876667221363,-0.33827082216425036,0.0,0.0,-0.005471674900435404,-0.38253734632924763,0.0,0.0,3.7252898543727042e-09
1569820976764,64.93103790283203,4.5864033699035645,-0.23434126377105713,0.011935057118535042,0.0003155532176606357,0.024397486820816994,0.9996310472488403,1.1237964032049685,-0.0025921223729810775,-0.0016302656433843255,0.000385289228503106,-0.5656396047054156,0.0,0.0,-0.001773242099710679,-0.4981589180782152,0.0,0.0,0.0
1569821076764,65.04096221923828,4.591828346252441,-0.23458784818649292,0.011975285597145557,0.00021404738072305918,0.02433246187865734,0.9996321797370911,1.0742658203385642,-0.001611009938235617,-0.0010132137976324638,-0.001597882170061477,-0.49041733835823204,0.0,0.0,-0.001662509491234736,-0.4932704277724021,0.0,0.0,0.0
1569821176764,65.14651489257812,4.597048759460449,-0.23490490019321442,0.012029703706502914,0.00011184371396666393,0.024267064407467842,0.9996331334114075,1.0408153140927323,-0.002890378205490488,-0.0018178479279814391,-0.012499242690375298,-0.06247610136718959,0.0,0.0,-0.008505462364785589,-0.22124146668127317,0.0,0.0,0.0
1569821276764,65.24906158447266,4.601887226104736,-0.23501215875148773,0.01194026693701744,3.187756010447629e-05,0.024165628477931023,0.999636709690094,1.0063047768797635,-0.003036558425024749,-0.0019097851729715399,-0.0012509056500690674,-0.5573340874364902,0.0,0.0,-0.00392450712624155,-0.433470181988073,0.0,0.0,0.0
1569821376764,65.34744262695312,4.606601715087891,-0.2354394644498825,0.011914192698895931,-9.396563109476119e-05,0.024081993848085403,0.9996389746665955,0.9584635663937789,-0.0022102907861575424,-0.0013901199912940516,-0.0021016945239844486,-0.5554157042535863,0.0,0.0,-0.0027734756755872906,-0.5104737813818122,0.0,0.0,3.7252894102834944e-09
1569821476764,65.44090270996094,4.611154079437256,-0.2356964349746704,0.01194777712225914,-0.0001986771821975708,0.024024076759815216,0.9996399879455566,0.9106079477306738,-0.0013943213047135149,-0.0008769316381846002,-0.0003665282974751525,-0.4238685025546146,0.0,0.0,-0.0012535870546471354,-0.4557860973053744,0.0,0.0,0.0
1569821576764,65.52978515625,4.615262031555176,-0.2357010543346405,0.011838069185614586,-0.00029994832584634423,0.023984452709555626,0.9996421933174133,0.8664661719134821,-0.0011858301073517786,-0.0007458050989633825,-0.0034167029946594093,-0.41679901113381673,0.0,0.0,-0.002619506115818132,-0.4311673502672731,0.0,0.0,0.0
1569821676764,65.61441040039062,4.619241714477539,-0.23561061918735504,0.011783897876739502,-0.00037285248981788754,0.023948313668370247,0.9996436834335327,0.8269001994657029,-0.0009979212189893188,-0.0006276234081693825,-0.0008692109340039097,-0.3348208725328712,0.0,0.0,-0.0015142664440591443,-0.37032849832235154,0.0,0.0,0.0
1569821776764,65.69513702392578,4.623103141784668,-0.2354971468448639,0.011779258958995342,-0.0004457219038158655,0.023921754211187363,0.9996443390846252,0.7862772253720098,-0.0006297759503615422,-0.00039608550337203894,-0.00010275224935996328,-0.4677430169024064,0.0,0.0,-0.0006229530807809373,-0.43184177428782666,0.0,0.0,0.0
1569821876764,65.77212524414062,4.626760005950928,-0.23556050658226013,0.011759155429899693,-0.0005631915992125869,0.023902537301182747,0.9996449947357178,0.7551597300791658,-0.0005789029681102252,-0.00036408991705045603,-0.0022064269056587906,-0.10442412923572171,0.0,0.0,-0.0016228519027801553,-0.2250909505951068,0.0,0.0,0.0
1569821976764,65.84626770019531,4.630369186401367,-0.23563022911548615,0.011800347827374935,-0.0006487703649327159,0.023884540423750877,0.9996448755264282,0.724395932689921,-0.0004491034325446702,-0.0002824549890218051,9.287777532059124e-05,-0.4490742433478048,0.0,0.0,-0.0005394389299548107,-0.36652722005046373,0.0,0.0,0.0
1569822076764,65.91728210449219,4.633782863616943,-0.23529037833213806,0.011813378892838955,-0.0006978110759519041,0.023871757090091705,0.9996449947357178,0.6992598257114441,-0.00036501591703599196,-0.00022956975914213335,-0.001162165043235278,-0.05403510925386223,0.0,0.0,-0.0009326649481653245,-0.16920125951955717,0.0,0.0,0.0
1569822176764,65.98582458496094,4.6370849609375,-0.23513931035995483,0.011830633506178856,-0.0007896468741819263,0.023860476911067963,0.9996449947357178,0.6656772347714444,-0.00026169524591120475,-0.00016458820497560048,3.4072951565361434e-05,-0.6213209876840996,0.0,0.0,-0.000322209586077305,-0.4546963378036614,0.0,0.0,0.0
1569822276764,66.05062103271484,4.640279769897461,-0.23506470024585724,0.011896642856299877,-0.000873413635417819,0.023850005120038986,0.99964439868927,0.6330310134698103,-0.00040809038182049217,-0.00025666061749716486,-0.002837680754281586,-0.10674555331970952,0.0,0.0,-0.0019106265326311752,-0.2349796781070321,0.0,0.0,0.0
1569822376764,66.11309051513672,4.643187522888184,-0.2348812073469162,0.011847078800201416,-0.0009427169570699334,0.02383449487388134,0.9996452927589417,0.6181962210433891,-0.0004739858081011525,-0.00029810428182462423,-0.0008672557115471956,8.713239152772336e-05,0.0,0.0,-0.0012517806214960771,-0.08654462145129341,0.0,0.0,0.0
1569822476764,66.1748046875,4.646087646484375,-0.23478831350803375,0.011818048544228077,-0.001029040664434433,0.023815220221877098,0.999646008014679,0.6169583598252725,-0.0007583998163487743,-0.00047698101657155605,-0.0046748757955668956,0.11469760756055992,0.0,0.0,-0.0034133249289358576,0.040531598290432326,0.0,0.0,0.0
1569822576764,66.23673248291016,4.648974895477295,-0.23467335104942322,0.011775857768952847,-0.0010993017349392176,0.023788707330822945,0.9996470808982849,0.6208113745409866,-0.0007757050115809704,-0.000487864787157843,-0.0007013356843390043,0.03510085594247906,0.0,0.0,-0.0017008148714007286,0.037102307075771036,0.0,0.0,0.0
1569822676764,66.29879760742188,4.651970386505127,-0.2345997393131256,0.01180341001600027,-0.0011743997456505895,0.023765258491039276,0.9996472001075745,0.6175930871911904,-0.0006864801658450878,-0.00043174853197804265,-0.002019435724688713,-0.15089626954121818,0.0,0.0,-0.0019020108816294528,-0.08161108896748702,0.0,0.0,3.7252898543727042e-09
1569822776764,66.36075592041016,4.654846668243408,-0.23451143503189087,0.01175698172301054,-0.0012443690793588758,0.023737888783216476,0.9996483325958252,0.6253657663290763,-0.0010988518540969887,-0.0006911017950295527,-0.0065923054669461195,0.3507367011115706,0.0,0.0,-0.00486373968131404,0.191398820765225,0.0,0.0,0.0
1569822876764,66.42455291748047,4.6577839851379395,-0.2343539148569107,0.011696108616888523,-0.0013385680504143238,0.023690881207585335,0.9996500015258789,0.650894076238896,-0.001837389558727019,-0.0011555909174383765,-0.00841211428517061,0.3647425761736614,0.0,0.0,-0.007104392814106945,0.3008582978406899,0.0,0.0,0.0
1569822976764,66.490966796875,4.660914421081543,-0.23433490097522736,0.011685763485729694,-0.0014323247596621513,0.02362988144159317,0.9996514916419983,0.6739781741522053,-0.0017767843081047008,-0.0011174744076130195,-0.0013755208403197603,0.11087313583972512,0.0,0.0,-0.003486844959524624,0.18089045454732255,0.0,0.0,-2.159933498510583e-19
1569823076764,66.55953216552734,4.664153099060059,-0.23432157933712006,0.011684959754347801,-0.0015355260111391544,0.02357168309390545,0.9996526837348938,0.6973867194482932,-0.0020189796426415938,-0.00126979851738465,-0.008592290496878268,0.3252298919577417,0.0,0.0,-0.006710724570527894,0.27203489354418503,0.0,0.0,3.7252898543727042e-09
1569823176764,66.63156127929688,4.667391777038574,-0.23440371453762054,0.011581829749047756,-0.0016578190261498094,0.023489588871598244,0.9996556639671326,0.7476492272872,-0.0032451676588851584,-0.0020409859489843763,-0.014044359748722863,0.8977188590576162,0.0,0.0,-0.011341614617740907,0.6671286742127341,0.0,0.0,0.0
1569823276764,66.70994567871094,4.671024799346924,-0.23425480723381042,0.011553222313523293,-0.0017791877035051584,0.023355750367045403,0.9996588826179504,0.819706669326268,-0.00528672155210819,-0.0033249821082441447,-0.01930664312861477,0.8121484912137832,0.0,0.0,-0.01637120367699,0.758702745035835,0.0,0.0,0.0
1569823376764,66.79588317871094,4.675110816955566,-0.2341347634792328,0.011610263027250767,-0.001906113000586629,0.02314704656600952,0.9996628761291504,0.8976037632151748,-0.007989201823462577,-0.005024655234882124,-0.024523059317648904,0.8136985112798111,0.0,0.0,-0.021518766411619525,0.7934303174265803,0.0,0.0,0.0
1569823476764,66.88961029052734,4.679513454437256,-0.23399969935417175,0.011669349856674671,-0.0020408458076417446,0.02284575253725052,0.9996687769889832,0.9737792356631106,-0.0111226902666962,-0.0069954026834567265,-0.028870323741139264,0.7074816868786733,0.0,0.0,-0.026160973562857744,0.7391572798258941,0.0,0.0,0.0
1569823576764,66.99073028564453,4.684192180633545,-0.2338215410709381,0.011732151731848717,-0.002232138765975833,0.02244817093014717,0.9996767044067383,1.0435162357320569,-0.013918649494329997,-0.008753867606496851,-0.029233296013548883,0.6257715755051024,0.0,0.0,-0.028101019271844937,0.6675588546415328,0.0,0.0,0.0
1569823676764,67.09835052490234,4.688950538635254,-0.2337666004896164,0.011715518310666084,-0.002439128700643778,0.021960534155368805,0.9996872544288635,1.1024308962021254,-0.017063569271358228,-0.010731804573181278,-0.03590611859944685,0.45479486591918417,0.0,0.0,-0.03302961960652875,0.5332071158600332,0.0,0.0,0.0
1569823776764,67.21121978759766,4.6938700675964355,-0.2338036149740219,0.011731455102562904,-0.0026788441464304924,0.021382752805948257,0.9996989369392395,1.147232520217,-0.019199432186851325,-0.012075114582925362,-0.03162865316685618,0.3020499875700414,0.0,0.0,-0.03214496671825186,0.38724086328133067,0.0,0.0,0.0
1569823876764,67.3287353515625,4.698894500732422,-0.23346075415611267,0.011779344640672207,-0.0029143658466637135,0.020742220804095268,0.999711275100708,1.2027500186028248,-0.021615449670271437,-0.013594622434132982,-0.039046569159821895,0.8429137124022094,0.0,0.0,-0.03650304579907603,0.6749795918252903,0.0,0.0,0.0
1569823976764,67.45199584960938,4.704058647155762,-0.2331530898809433,0.011871772818267345,-0.003167172195389867,0.0200197696685791,0.9997240900993347,1.2512912966587286,-0.023990428003261993,-0.015088319498906917,-0.03737292634139501,0.16060854744370398,0.0,0.0,-0.03705233970964124,0.3501753587099564,0.0,0.0,0.0
1569824076764,67.57906341552734,4.709428310394287,-0.23269158601760864,0.012124140746891499,-0.003468718146905303,0.019248636439442635,0.9997352361679077,1.2814132744216657,-0.024551839252194237,-0.015441408334713356,-0.03247547692734368,0.21733916654887042,0.0,0.0,-0.034162238444579655,0.266294747629456,0.0,0.0,1.3552527156068805e-20
1569824176764,67.70866394042969,4.714288234710693,-0.2323380410671234,0.012109343893826008,-0.0036567440256476402,0.018451960757374763,0.9997497797012329,1.3059771650041305,-0.026429087816180537,-0.01662206780891858,-0.04344980888545887,0.21024713649568283,0.0,0.0,-0.04002695852846625,0.2309029783004915,0.0,0.0,0.0
1569824276764,67.84072875976562,4.719549179077148,-0.23162445425987244,0.012442641891539097,-0.003945403732359409,0.01761476695537567,0.9997596144676208,1.3279480224603308,-0.025892437080878607,-0.01628455162319409,-0.02750244483930917,0.20052805610956614,0.0,0.0,-0.03211824144887244,0.2117224598480523,0.0,0.0,-3.725290298461914e-09
1569824376764,67.97467803955078,4.7245707511901855,-0.2310734987258911,0.012716907076537609,-0.00427847309038043,0.016811903566122055,0.9997686743736267,1.3396082252852268,-0.025367568396320733,-0.01595444553227719,-0.03569827867488805,-0.04637754941428678,0.0,0.0,-0.03437888822987147,0.048742882184804506,0.0,0.0,0.0
1569824476764,68.10946655273438,4.729320049285889,-0.2305406630039215,0.012934575788676739,-0.0046653542667627335,0.016003485769033432,0.9997774362564087,1.3461217461722128,-0.025814396369994174,-0.016235469415090673,-0.03537446676906995,0.09322186107627654,0.0,0.0,-0.03500755527375459,0.07682953439122267,0.0,0.0,-3.725290742551124e-09
1569824576764,68.24492645263672,4.734082221984863,-0.23015156388282776,0.01329137571156025,-0.005083851050585508,0.015201425179839134,0.9997832179069519,1.3507400965643508,-0.02456307708550195,-0.015448476154403742,-0.027036067214280087,-0.0063254788393563716,0.0,0.0,-0.029973887274307717,0.024320551630488255,0.0,0.0,0.0
1569824676764,68.38059997558594,4.7379865646362305,-0.22979801893234253,0.01321690808981657,-0.0054227388463914394,0.014456024393439293,0.999793529510498,1.3531944230100115,-0.022583375320693405,-0.014203380704838618,-0.02623594894466333,0.024924861151780688,0.0,0.0,-0.02761353241791755,0.02470214832565928,0.0,0.0,8.74138001566438e-19
1569824776764,68.51625061035156,4.741614818572998,-0.2293703258037567,0.013086860999464989,-0.005777168553322554,0.013798045925796032,0.9998024702072144,1.3474366318962128,-0.01843329708179224,-0.011593268604900783,-0.012423848122962164,-0.19855676411472528,0.0,0.0,-0.01802186933233576,-0.11627670465107823,0.0,0.0,1.8626447051417472e-09
1569824876764,68.65091705322266,4.745458126068115,-0.22897057235240936,0.013223793357610703,-0.006162984296679497,0.01325580757111311,0.9998056888580322,1.3347634483854203,-0.016551171973321132,-0.01040954212158562,-0.02433378229362136,-0.1446456809308027,0.0,0.0,-0.022007583674685506,-0.1341905504739534,0.0,0.0,-1.8626449271863521e-09
1569824976764,68.78441619873047,4.7493438720703125,-0.22831350564956665,0.013503574766218662,-0.006602461449801922,0.012713119387626648,0.9998062252998352,1.3234329571670087,-0.018062154443739015,-0.011359845562100011,-0.03051092730599337,-0.07751940900167048,0.0,0.0,-0.027377096669733054,-0.09840504729150715,0.0,0.0,2.220446313948109e-16
1569825076764,68.9166259765625,4.753015995025635,-0.2275964468717575,0.013763250783085823,-0.007038929965347052,0.012153001502156258,0.9998067021369934,1.3060157502079806,-0.01639738160987337,-0.01031281862256187,-0.012245060096933307,-0.3039914689292374,0.0,0.0,-0.017821835758010253,-0.22822444663046246,0.0,0.0,1.862645149230957e-09
1569825176764,69.04692077636719,4.75642728805542,-0.22676049172878265,0.013974420726299286,-0.007420283742249012,0.011656340211629868,0.9998068809509277,1.2913313393623167,-0.015598703773366838,-0.00981050551784078,-0.025224672136851388,-0.007406840114920304,0.0,0.0,-0.02249642352723163,-0.08878717828874592,0.0,0.0,1.862645149230957e-09
1569825276764,69.17597198486328,4.759608745574951,-0.2257969230413437,0.01414299476891756,-0.007695513777434826,0.011146285571157932,0.9998082518577576,1.2816740896136092,-0.016774391480890882,-0.010549931748987976,-0.026895359914792437,-0.1099118822395013,0.0,0.0,-0.02527417156630063,-0.1021265630411727,0.0,0.0,0.0
1569825376764,69.30411529541016,4.762554168701172,-0.22462362051010132,0.014259655959904194,-0.007937178015708923,0.010619262233376503,0.9998104572296143,1.2756608682121864,-0.016122599350293313,-0.010139999591379444,-0.017672870610445212,0.011821005221585048,0.0,0.0,-0.020474261550732384,-0.03017334380536006,0.0,0.0,0.0
1569825476764,69.4325942993164,4.765291213989258,-0.22368425130844116,0.014323987066745758,-0.008168578147888184,0.010076399892568588,0.9998132586479187,1.2931314491617854,-0.019322907145001143,-0.012152771789308896,-0.042199035898917624,0.5257462465052907,0.0,0.0,-0.034192566165350755,0.3208670932039388,0.0,0.0,0.0
1569825576764,69.56375885009766,4.768553256988525,-0.22213862836360931,0.01481105200946331,-0.008349756710231304,0.009391373954713345,0.9998113512992859,1.3254058689378974,-0.02408051963831492,-0.015144980904600577,-0.04013765025573795,0.3259604332513938,0.0,0.0,-0.03794664311014837,0.3240833286942126,0.0,0.0,0.0
1569825676764,69.69738006591797,4.771671295166016,-0.22068873047828674,0.015303500927984715,-0.008558160625398159,0.008609849959611893,0.999809205532074,1.3343558975254368,-0.024864087739899916,-0.015637791031383595,-0.02861007380146495,-0.31243486730713865,0.0,0.0,-0.03205098224945385,-0.07785182448832491,0.0,0.0,0.0
1569825776764,69.83084106445312,4.7742533683776855,-0.2190292626619339,0.015579295344650745,-0.008777515962719917,0.007852358743548393,0.9998092651367188,1.3294653461680774,-0.023100110206600487,-0.014528371199119799,-0.02649373963991534,0.0006911655886228455,0.0,0.0,-0.028541811304193643,-0.02825514532610737,0.0,0.0,0.0
1569825876764,69.96431732177734,4.776826858520508,-0.2174612134695053,0.015974465757608414,-0.009075022302567959,0.007165379356592894,0.9998055100440979,1.3332046195818856,-0.020391689532735666,-0.012824961970273998,-0.02090803598788898,0.1498739696591236,0.0,0.0,-0.02372139506095796,0.08422609019493758,0.0,0.0,0.0
1569825976764,70.09790802001953,4.778662204742432,-0.21591368317604065,0.015986062586307526,-0.009427347220480442,0.006622818298637867,0.9998058080673218,1.3227045943576927,-0.012756549789638022,-0.008022987289080517,0.006175901216023232,-0.4292211252411642,0.0,0.0,-0.004842477797755898,-0.23999478280429837,0.0,0.0,-9.31322685637781e-10
1569826076764,70.2292251586914,4.780223369598389,-0.21449014544487,0.015911588445305824,-0.009703121148049831,0.006315912585705519,0.9998064041137695,1.294375455217921,-0.0075226540700985885,-0.004731228974904772,-0.007915109869870207,-0.35747590532577755,0.0,0.0,-0.006782719019982043,-0.3141792967323604,0.0,0.0,-9.313225746154785e-10
1569826176764,70.35675048828125,4.781865119934082,-0.21268139779567719,0.015967298299074173,-0.009908721782267094,0.006124170962721109,0.999804675579071,1.2450727640407386,-0.004469364347091909,-0.0028109209730137787,0.0003609418815134915,-0.7994648481351142,0.0,0.0,-0.002271789942440611,-0.6206172330956501,0.0,0.0,9.313224635931761e-10
1569826276764,70.47872924804688,4.783680438995361,-0.2110934853553772,0.01620529219508171,-0.010136017575860023,0.006023853551596403,0.9997991919517517,1.189979392561873,-0.0019931744945699483,-0.0012535688645094016,0.0012286222674228423,-0.4315378059093831,0.0,0.0,-6.142309572362435e-05,-0.5012213242163739,0.0,0.0,0.0
1569826376764,70.5949935913086,4.78535795211792,-0.20921745896339417,0.01640988141298294,-0.01030825823545456,0.005981813184916973,0.9997943043708801,1.1269005015491753,-0.0008594069678162123,-0.0005405075269284355,-0.0006499255712388014,-0.8527903253387898,0.0,0.0,-0.0004330382893354548,-0.7232227394281866,0.0,0.0,1.3552523924894538e-20
1569826476764,70.70321655273438,4.786621570587158,-0.20769798755645752,0.016435815021395683,-0.009912307374179363,0.005968876648694277,0.9997979998588562,1.048819501278769,-0.00044778212698868127,-0.00028162397923816435,-0.00021856967810548415,-0.8794801589439163,0.0,0.0,-0.0002976101513040617,-0.8218928956680397,0.0,0.0,0.0
1569826576764,70.80284118652344,4.78731632232666,-0.20626144111156464,0.016171446070075035,-0.00910260621458292,0.005969159305095673,0.999809980392456,0.9704307336694727,-0.00023983841913517045,-0.00015084177304098775,-9.135722842440852e-05,-0.7187694409124097,0.0,0.0,-0.0001673698837472745,-0.7567746604874878,0.0,0.0,0.0
1569826676764,70.89446258544922,4.787036895751953,-0.20519937574863434,0.015331595204770565,-0.008008068427443504,0.005973756778985262,0.9998326301574707,0.8967851207421689,-0.00012784401576006077,-8.040504135852883e-05,-5.536484265045624e-05,-0.7016423087257782,0.0,0.0,-9.66432908026001e-05,-0.7219608399402284,0.0,0.0,0.0
1569826776764,70.97943878173828,4.78742790222168,-0.20402313768863678,0.014967026188969612,-0.0072580305859446526,0.005979297216981649,0.9998437762260437,0.8267790063614383,-7.813218395494316e-05,-4.9139738336442256e-05,-0.00011168995889267566,-0.6625381514628088,0.0,0.0,-0.00010614464501629564,-0.6844378475957343,0.0,0.0,-9.313224635931761e-10
1569826876764,71.05763244628906,4.7877912521362305,-0.2029404193162918,0.014629795216023922,-0.00659634405747056,0.005984809249639511,0.9998533129692078,0.7576024914332633,-5.0192043903058675e-05,-3.156732320947086e-05,-3.653496507653424e-05,-0.7043197657203222,0.0,0.0,-6.218898507548224e-05,-0.6969924640343066,0.0,0.0,9.313225191043273e-10
1569826976764,71.12911987304688,4.788167953491211,-0.20201627910137177,0.01434521283954382,-0.006065705791115761,0.00598947936668992,0.9998607635498047,0.6888018059919317,-3.18071797608559e-05,-2.0004515572865342e-05,-3.9251290788009944e-05,-0.6726108891463757,0.0,0.0,-4.770477123052592e-05,-0.6815964987673666,0.0,0.0,1.8626449271863521e-09
1569827076764,71.194091796875,4.788854598999023,-0.20079369843006134,0.014313372783362865,-0.005600898060947657,0.005995164159685373,0.9998639225959778,0.6270143987508842,-2.0487925566871307e-05,-1.288548777790648e-05,-2.474159455811732e-05,-0.5086919129024645,0.0,0.0,-3.3204466303873636e-05,-0.5724143392593529,0.0,0.0,9.313224635931761e-10
1569827176764,71.25407409667969,4.789687633514404,-0.19967693090438843,0.014411629177629948,-0.005255738738924265,0.006000264547765255,0.9998643398284912,0.5888537824115614,-2.9695626948067827e-06,-1.8676494935891688e-06,9.830682551126806e-05,-0.054674973168763574,0.0,0.0,4.9839524508983116e-05,-0.2454831490348882,0.0,0.0,0.0
1569827276764,71.31111907958984,4.7906365394592285,-0.19867293536663055,0.014604632742702961,-0.005017625633627176,0.006004757713526487,0.999862790107727,0.5576589900590521,3.1689840700096334e-06,1.993071742144424e-06,-1.8905090632341187e-05,-0.42582882896034774,0.0,0.0,6.430117533845972e-06,-0.3593640544701423,0.0,0.0,0.0
1569827376764,71.36488342285156,4.791395664215088,-0.19776558876037598,0.014694225043058395,-0.004830874968320131,0.0060079991817474365,0.9998623132705688,0.5242663887796218,8.803763711975963e-07,5.536958309418843e-07,-1.264318735932032e-05,-0.29034041063490124,0.0,0.0,-5.613892789962211e-06,-0.31577845231074125,0.0,0.0,9.313224635931761e-10
1569827476764,71.41590118408203,4.792125701904297,-0.1967323124408722,0.014781644567847252,-0.004736076109111309,0.006009761244058609,0.999861478805542,0.5017631348771582,-4.512457862384753e-06,-2.8380238128205993e-06,-5.6657295653903496e-05,-0.06954827162380853,0.0,0.0,-3.7845709693170836e-05,-0.16029418490991412,0.0,0.0,0.0
1569827576764,71.46475982666016,4.792727470397949,-0.19571855664253235,0.014799900352954865,-0.004653158597648144,0.006010894197970629,0.9998615980148315,0.475009719897704,-5.7169382696378676e-06,-3.595558660149602e-06,-3.675531535625916e-06,-0.4512793651146658,0.0,0.0,-1.6268642645745444e-05,-0.3440394002300381,0.0,0.0,0.0
1569827676764,71.51061248779297,4.793300628662109,-0.194684699177742,0.014821648597717285,-0.004589404445141554,0.006011771038174629,0.9998615980148315,0.44556790263828117,-5.209949373253694e-06,-3.27669771902748e-06,-2.3468531915470623e-05,-0.20939704109535598,0.0,0.0,-2.0815077633313586e-05,-0.2590182687311645,0.0,0.0,0.0
1569827776764,71.55384826660156,4.79387903213501,-0.19374963641166687,0.014866399578750134,-0.004554960411041975,0.006012317258864641,0.9998610615730286,0.42050222926980446,-5.397899495340747e-06,-3.3949053429816015e-06,-2.585134341904687e-05,-0.23633005930399806,0.0,0.0,-2.3995273066489203e-05,-0.24469159435039586,0.0,0.0,0.0
1569827876764,71.59454345703125,4.794414520263672,-0.1928844153881073,0.01490014884620905,-0.004569320008158684,0.006012092810124159,0.9998605251312256,0.39174940169468797,-4.660640811975675e-06,-2.9312206364626887e-06,-1.1403923500926128e-05,-0.3609247493144663,0.0,0.0,-1.6044351870202257e-05,-0.31808806791369687,0.0,0.0,0.0
1569827976764,71.63252258300781,4.794853210449219,-0.19208954274654388,0.014890304766595364,-0.004594048950821161,0.006011519115418196,0.9998605251312256,0.37001082467708085,-6.094682922102448e-06,-3.833133913271979e-06,-5.646487475742009e-05,-0.044842209564708364,0.0,0.0,-4.15682554450777e-05,-0.1455445073023338,0.0,0.0,0.0
1569828076764,71.6689224243164,4.795044422149658,-0.1913052201271057,0.014725993387401104,-0.0046687345020473,0.006009430158883333,0.9998626112937927,0.3559000669403689,-8.781116608584069e-06,-5.5227148481660804e-06,-6.482470807501618e-05,-0.13350533088015495,0.0,0.0,-5.625375211904381e-05,-0.13794226081536962,0.0,0.0,0.0
1569828176764,71.70379638671875,4.795201301574707,-0.1905166506767273,0.014549622312188148,-0.004773261025547981,0.006006806623190641,0.9998647570610046,0.336865000544608,-7.804635861360187e-06,-4.908576013434081e-06,-1.1353123042630537e-05,-0.28014734871328517,0.0,0.0,-2.7900845102097898e-05,-0.22773894557104554,0.0,0.0,0.0
1569828276764,71.7365951538086,4.795326232910156,-0.18980780243873596,0.014368700794875622,-0.004878726787865162,0.006004197522997856,0.9998668432235718,0.3167637834414976,-6.757557042063295e-06,-4.250035875511506e-06,-4.235458022656848e-05,-0.15521845086402739,0.0,0.0,-3.7027786449272794e-05,-0.18194522540396824,0.0,0.0,0.0
1569828376764,71.76739501953125,4.795376300811768,-0.18921446800231934,0.0141531303524971,-0.004994087386876345,0.006001312751322985,0.9998694062232971,0.29466864734771786,-5.029781164065827e-06,-3.163384379915615e-06,-4.951177028943054e-06,-0.2877845679439725,0.0,0.0,-1.677272225483256e-05,-0.2487784324101437,0.0,0.0,0.0
1569828476764,71.79584503173828,4.795450210571289,-0.18869008123874664,0.013972560875117779,-0.005104498937726021,0.005998735316097736,0.9998713731765747,0.27140567585113584,-2.971432038286511e-06,-1.868825181312271e-06,-3.5999831817819797e-06,-0.2049604634219253,0.0,0.0,-8.454677412719449e-06,-0.22110918086624934,0.0,0.0,0.0
1569828576764,71.82209014892578,4.795534610748291,-0.18817736208438873,0.01381686981767416,-0.00521243829280138,0.005996369291096926,0.9998729825019836,0.25064126594772734,-1.810721606703839e-06,-1.138818620568452e-06,-6.976765758303268e-06,-0.18457299524161452,0.0,0.0,-7.5214367749187905e-06,-0.19803807707377888,0.0,0.0,0.0
1569828676764,71.84659576416016,4.795670986175537,-0.1876542717218399,0.013710563071072102,-0.005300440359860659,0.0059946756809949875,0.9998739957809448,0.23941686977656557,8.27352298544991e-06,5.203473575754661e-06,0.00026073931184404994,0.03475588314453857,0.0,0.0,0.0001618742313558293,-0.05103823221762283,0.0,0.0,0.0
1569828776764,71.87015533447266,4.7958221435546875,-0.18714818358421326,0.013621337711811066,-0.005392247810959816,0.00599328987300396,0.9998747706413269,0.2267518752106404,1.0705793891903682e-05,6.733203705599801e-06,-2.712651741333415e-06,-0.2562032384265736,0.0,0.0,5.7944360245979585e-05,-0.1805915249849451,0.0,0.0,0.0
1569828876764,71.89215087890625,4.795900821685791,-0.18665991723537445,0.013495882973074913,-0.0054915412329137325,0.005991538055241108,0.9998759031295776,0.21078089408544098,6.390057607138956e-06,4.018904155433307e-06,-4.501997553200427e-06,-0.1239310324148122,0.0,0.0,1.8512044649377726e-05,-0.14481274614776313,0.0,0.0,0.0
1569828976764,71.91271209716797,4.795745849609375,-0.18620222806930542,0.013224371708929539,-0.005638467147946358,0.005988223012536764,0.9998787641525269,0.19577198852809066,2.904233078976812e-06,1.826561684891078e-06,-7.437554816438185e-06,-0.15912949691056785,0.0,0.0,2.1259361267298216e-06,-0.15385318748482726,0.0,0.0,0.0
1569829076764,71.93181610107422,4.796035289764404,-0.1857922077178955,0.013265336863696575,-0.005662556737661362,0.005988189019262791,0.9998780488967896,0.18761899156764392,1.0117601019921394e-06,6.363271081711571e-07,-5.058605783024255e-06,0.04238880691105741,0.0,0.0,-2.4108076320255605e-06,-0.029934410969302296,0.0,0.0,0.0
1569829176764,71.9510269165039,4.796144962310791,-0.1854042261838913,0.01318284310400486,-0.005762074142694473,0.005986364558339119,0.9998785853385925,0.1971805152592357,-4.487056462405602e-06,-2.8220480895632715e-06,-0.0001673913095414919,0.31073230739289953,0.0,0.0,-0.0001065892328894435,0.18518265950767943,0.0,0.0,0.0
1569829276764,71.9714584350586,4.7962965965271,-0.18498903512954712,0.013118667528033257,-0.005864020902663469,0.0059844618663191795,0.9998788833618164,0.20545660496712606,-6.270811641391461e-06,-3.943906692699032e-06,-6.523322376108277e-06,-0.09272879849483723,0.0,0.0,-4.340171158495891e-05,0.00969296393393853,0.0,0.0,0.0
1569829376764,71.99221801757812,4.796449184417725,-0.1845470368862152,0.013052275404334068,-0.005971117410808802,0.005982512142509222,0.9998791217803955,0.20639798165568252,-3.405361533398761e-06,-2.1417368134583403e-06,2.406616844290214e-05,0.008935389987312853,0.0,0.0,-7.985105071976917e-07,0.00921458703568652,0.0,0.0,0.0
1569829476764,72.01280975341797,4.796642303466797,-0.1840783804655075,0.013015645556151867,-0.006044572219252586,0.005981264635920525,0.9998791813850403,0.20147747479891168,-1.4568758419792748e-06,-9.162741144523742e-07,-5.592509811066117e-06,-0.14930144783565785,0.0,0.0,-3.8257245863270865e-06,-0.09088179223226296,0.0,0.0,0.0
1569829576764,72.03278350830078,4.796760082244873,-0.18364767730236053,0.012932620011270046,-0.00614820746704936,0.005979381967335939,0.9998795986175537,0.19573411887780945,-8.158582496003794e-07,-5.131183959750814e-07,-4.256248809237329e-06,-0.00012327581828116798,0.0,0.0,-4.0975829881312885e-06,-0.03357150883952211,0.0,0.0,9.313224635931761e-10
1569829676764,72.05216217041016,4.796846389770508,-0.1832444667816162,0.012832466512918472,-0.006277245003730059,0.005977078806608915,0.9998801350593567,0.18621515268711938,-6.087371005251655e-07,-3.828535223428713e-07,-5.248107496348955e-06,-0.20076635446899263,0.0,0.0,-4.824092061015279e-06,-0.1391482014016139,0.0,0.0,0.0
1569829776764,72.07029724121094,4.796937942504883,-0.1828625649213791,0.012745724990963936,-0.006401907652616501,0.005974918138235807,0.9998804330825806,0.17296438897864594,-5.192801068228395e-07,-3.265912621527293e-07,-4.509304962528528e-06,-0.12112967811612757,0.0,0.0,-4.625316909817731e-06,-0.12777024243300703,0.0,0.0,9.313224635931761e-10
